st,zanr

0,adventure

0,drama

0,sci_fi

1,action

1,adventure

1,sci_fi

1,thriller

2,crime

2,drama

2,mystery

2,thriller

3,action

3,adventure

3,comedy

3,crime

3,thriller

4,biography

4,comedy

4,crime

4,drama

5,action

5,mystery

5,sci_fi

5,thriller

6,action

6,adventure

6,sci_fi

7,adventure

7,drama

7,war

8,adventure

8,horror

9,action

9,crime

9,drama

10,crime

10,drama

10,thriller

11,crime

11,drama

11,mystery

11,thriller

12,action

12,adventure

12,sci_fi

12,thriller

13,action

13,thriller

14,drama

14,western

15,drama

15,romance

16,action

16,sci_fi

17,action

17,comedy

17,sport

18,comedy

18,music

18,romance

19,drama

19,mystery

19,sci_fi

19,thriller

20,action

20,thriller

21,drama

21,music

22,action

22,adventure

22,sci_fi

22,thriller

23,crime

23,thriller

24,biography

24,drama

24,thriller

24,war

25,comedy

25,drama

26,adventure

26,mystery

26,sci_fi

27,action

27,mystery

27,sci_fi

27,thriller

28,drama

28,sci_fi

29,animation

29,adventure

29,comedy

29,family

29,fantasy

29,musical

30,drama

30,romance

31,action

31,mystery

31,sci_fi

32,action

32,adventure

32,sci_fi

33,drama

33,mystery

33,sci_fi

33,thriller

34,comedy

34,romance

35,action

35,comedy

35,fantasy

35,romance

36,adventure

36,drama

36,sci_fi

36,thriller

37,adventure

37,drama

37,fantasy

37,mystery

38,action

38,fantasy

38,war

39,adventure

39,comedy

39,drama

40,drama

41,biography

41,drama

41,romance

42,horror

42,sci_fi

42,thriller

43,comedy

43,romance

44,action

44,adventure

44,fantasy

44,sci_fi

45,fantasy

45,horror

45,mystery

45,romance

46,action

46,drama

46,war

47,action

47,adventure

47,horror

47,sci_fi

48,action

48,adventure

48,sci_fi

49,biography

49,drama

49,sport

49,war

50,action

50,horror

50,sci_fi

50,thriller

51,crime

51,drama

51,thriller

52,comedy

53,drama

53,romance

54,action

54,biography

54,drama

54,history

54,thriller

54,war

55,drama

55,musical

55,romance

56,animation

56,action

56,adventure

56,comedy

56,family

56,sci_fi

57,action

57,adventure

57,sci_fi

58,animation

58,action

58,adventure

58,comedy

58,family

59,biography

59,drama

59,sport

60,drama

60,sport

61,action

61,adventure

61,drama

61,fantasy

62,adventure

62,mystery

62,sci_fi

63,crime

63,drama

63,mystery

63,thriller

64,crime

64,mystery

64,thriller

65,action

65,adventure

65,fantasy

66,mystery

66,thriller

67,drama

67,fantasy

67,romance

68,action

68,adventure

69,action

69,adventure

69,fantasy

69,sci_fi

70,drama

71,adventure

72,drama

72,romance

73,drama

73,romance

73,sci_fi

74,action

74,adventure

74,horror

74,sci_fi

74,thriller

75,action

75,comedy

76,drama

76,fantasy

77,action

77,comedy

78,action

78,adventure

78,fantasy

78,sci_fi

79,action

79,adventure

79,sci_fi

79,thriller

80,action

80,adventure

80,thriller

81,adventure

81,fantasy

81,musical

82,comedy

82,romance

83,action

83,adventure

83,sci_fi

84,drama

84,romance

84,sci_fi

85,drama

85,fantasy

85,romance

86,action

86,comedy

87,adventure

87,comedy

87,crime

88,animation

88,action

88,adventure

88,comedy

88,family

88,fantasy

89,action

89,biography

89,drama

89,thriller

89,war

90,comedy

91,action

91,thriller

92,adventure

92,family

92,fantasy

92,mystery

93,action

93,crime

93,thriller

94,biography

94,drama

94,history

95,comedy

96,biography

96,drama

97,action

97,adventure

97,fantasy

97,sci_fi

98,comedy

98,romance

99,drama

99,horror

99,musical

99,thriller

100,drama

101,adventure

101,fantasy

102,action

102,adventure

102,comedy

102,fantasy

102,sci_fi

103,comedy

103,drama

103,romance

104,crime

104,thriller

105,comedy

106,action

106,adventure

106,sci_fi

107,adventure

107,fantasy

108,action

108,adventure

108,fantasy

109,drama

109,romance

110,drama

110,music

111,comedy

112,action

112,adventure

112,sci_fi

112,thriller

113,horror

113,mystery

113,thriller

114,action

114,crime

114,drama

115,drama

115,romance

116,drama

116,mystery

116,thriller

117,drama

117,thriller

118,horror

119,crime

119,drama

119,history

119,mystery

119,thriller

120,drama

120,romance

121,action

121,adventure

121,sci_fi

122,adventure

122,biography

122,drama

123,adventure

123,drama

123,fantasy

123,romance

124,comedy

124,drama

124,romance

125,action

125,adventure

125,sci_fi

126,action

126,adventure

126,fantasy

127,adventure

127,sci_fi

127,thriller

128,adventure

128,family

128,fantasy

128,romance

129,action

129,adventure

129,sci_fi

130,drama

130,fantasy

130,war

131,action

131,adventure

131,sci_fi

131,thriller

132,adventure

132,family

132,fantasy

133,comedy

133,drama

133,romance

134,crime

134,drama

134,mystery

134,thriller

135,adventure

135,comedy

135,family

135,fantasy

136,action

136,adventure

136,family

136,fantasy

136,romance

137,action

137,adventure

137,sci_fi

138,action

138,adventure

138,sci_fi

139,action

139,adventure

139,thriller

140,biography

140,comedy

140,drama

141,action

141,adventure

141,drama

142,drama

142,fantasy

142,romance

143,action

143,thriller

144,action

144,drama

144,thriller

145,crime

145,drama

145,music

145,romance

146,adventure

146,sci_fi

146,thriller

147,comedy

147,drama

147,romance

148,action

148,adventure

148,thriller

149,action

149,adventure

149,sci_fi

150,crime

150,thriller

151,adventure

151,family

151,fantasy

152,animation

152,action

152,adventure

152,comedy

152,family

153,comedy

153,drama

153,romance

154,crime

154,drama

155,comedy

155,drama

156,drama

156,history

156,thriller

157,adventure

157,fantasy

158,action

158,adventure

158,fantasy

159,adventure

159,biography

159,drama

160,crime

160,drama

161,comedy

161,fantasy

161,horror

162,action

162,drama

162,sci_fi

162,thriller

163,drama

164,comedy

165,drama

165,romance

166,adventure

166,drama

166,western

167,sci_fi

167,thriller

168,action

168,adventure

168,sci_fi

169,animation

169,action

169,adventure

169,family

170,adventure

170,family

170,fantasy

170,mystery

171,drama

172,comedy

172,drama

172,romance

173,thriller

174,animation

174,family

174,fantasy

174,musical

174,romance

175,drama

175,fantasy

175,music

175,romance

176,crime

176,drama

177,comedy

177,crime

177,horror

177,thriller

178,comedy

178,crime

178,drama

178,mystery

178,romance

179,action

179,comedy

179,crime

180,action

180,adventure

180,fantasy

181,comedy

181,drama

181,romance

182,action

182,thriller

183,adventure

183,comedy

183,drama

183,fantasy

184,biography

184,drama

185,biography

185,drama

186,comedy

186,drama

186,romance

187,action

187,thriller

188,fantasy

188,romance

189,drama

189,music

190,drama

190,romance

190,sci_fi

191,drama

191,romance

192,action

192,drama

192,fantasy

192,war

193,adventure

193,comedy

193,family

193,sci_fi

194,comedy

194,drama

195,comedy

195,romance

196,comedy

196,fantasy

197,biography

197,drama

197,history

197,war

198,comedy

198,fantasy

198,horror

199,adventure

199,family

199,fantasy

199,mystery

200,comedy

201,comedy

201,drama

201,thriller

202,action

202,adventure

202,sci_fi

203,action

203,crime

203,thriller

204,adventure

204,comedy

204,family

204,fantasy

204,horror

204,mystery

205,action

205,comedy

205,crime

206,mystery

206,sci_fi

206,thriller

207,action

207,crime

207,sci_fi

207,thriller

208,biography

208,drama

208,sport

209,biography

209,drama

209,history

209,thriller

210,mystery

210,romance

210,thriller

211,action

211,biography

211,drama

211,sport

212,action

212,sci_fi

212,thriller

213,drama

213,fantasy

213,mystery

213,thriller

214,action

214,crime

214,thriller

215,drama

215,romance

216,action

216,adventure

216,crime

216,mystery

216,thriller

217,action

217,crime

217,drama

217,thriller

218,adventure

218,comedy

218,horror

218,sci_fi

219,action

219,adventure

219,thriller

220,drama

220,thriller

221,crime

221,drama

222,action

222,crime

222,drama

222,mystery

222,thriller

223,drama

223,musical

223,romance

223,thriller

224,drama

225,action

225,adventure

225,fantasy

226,animation

226,comedy

226,family

226,fantasy

227,action

227,mystery

227,thriller

228,action

228,adventure

229,action

229,adventure

229,fantasy

229,sci_fi

230,biography

230,drama

231,action

231,biography

231,crime

231,drama

232,action

232,comedy

232,crime

233,drama

234,action

234,comedy

235,drama

235,fantasy

235,romance

235,sci_fi

236,comedy

236,romance

237,drama

237,mystery

237,romance

237,war

238,action

238,adventure

238,mystery

238,sci_fi

239,adventure

239,comedy

239,drama

239,romance

240,crime

240,drama

241,biography

241,drama

241,history

242,drama

243,adventure

243,drama

243,thriller

244,crime

244,drama

244,mystery

244,thriller

245,adventure

245,family

245,fantasy

245,mystery

246,horror

246,mystery

247,drama

247,thriller

248,drama

249,comedy

249,fantasy

250,drama

250,sport

251,horror

251,mystery

252,animation

252,comedy

252,family

253,drama

253,thriller

254,biography

254,drama

254,history

255,mystery

255,thriller

256,crime

256,comedy

257,drama

257,romance

257,sci_fi

258,action

258,adventure

258,sci_fi

258,thriller

259,action

259,adventure

259,sci_fi

259,thriller

260,drama

260,music

261,adventure

261,family

261,fantasy

261,mystery

262,drama

262,mystery

262,thriller

263,comedy

263,romance

264,comedy

265,animation

265,adventure

265,comedy

265,family

265,sport

266,action

266,crime

266,drama

266,thriller

267,horror

267,mystery

267,thriller

268,action

268,comedy

268,romance

269,action

269,adventure

269,sci_fi

270,comedy

270,western

271,comedy

271,drama

271,music

271,romance

272,drama

272,sci_fi

272,thriller

273,drama

273,thriller

274,action

274,drama

274,sci_fi

274,thriller

275,drama

275,horror

275,thriller

276,action

276,thriller

277,crime

277,drama

277,thriller

278,drama

278,mystery

278,sci_fi

278,thriller

279,action

279,adventure

280,comedy

280,fantasy

280,romance

281,animation

281,adventure

281,comedy

281,family

282,action

282,adventure

282,drama

282,history

282,war

283,crime

283,drama

283,thriller

284,action

284,comedy

285,adventure

285,comedy

285,family

285,fantasy

286,comedy

286,romance

287,comedy

287,sport

288,adventure

288,biography

288,drama

288,thriller

289,comedy

289,drama

290,action

290,adventure

290,sci_fi

290,thriller

291,comedy

291,drama

292,comedy

292,drama

292,romance

293,drama

293,war

294,comedy

294,romance

295,comedy

296,action

296,sci_fi

296,thriller

297,comedy

297,drama

297,romance

298,horror

298,mystery

299,drama

299,history

299,thriller

299,war

300,comedy

300,romance

301,action

301,sci_fi

301,thriller

301,western

302,drama

302,romance

302,war

303,action

303,crime

303,mystery

303,thriller

304,action

304,comedy

304,fantasy

304,horror

304,mystery

305,animation

305,action

305,adventure

305,family

305,fantasy

306,adventure

306,family

306,fantasy

307,drama

307,romance

308,comedy

308,drama

309,action

309,crime

309,drama

309,thriller

310,crime

310,drama

310,mystery

310,thriller

311,adventure

311,sci_fi

311,thriller

312,action

312,adventure

312,drama

312,romance

313,action

313,adventure

313,fantasy

313,horror

313,sci_fi

313,thriller

314,drama

314,romance

315,action

315,adventure

315,romance

315,sci_fi

315,thriller

316,action

316,comedy

316,crime

316,thriller

317,action

317,drama

317,thriller

318,drama

319,drama

320,comedy

320,romance

321,drama

321,sci_fi

321,thriller

322,action

322,adventure

322,fantasy

322,sci_fi

323,action

323,adventure

323,sci_fi

323,thriller

324,action

324,adventure

324,fantasy

325,drama

325,romance

325,thriller

326,animation

326,fantasy

327,comedy

327,horror

327,romance

328,animation

328,adventure

328,comedy

328,family

328,fantasy

328,musical

328,romance

329,comedy

329,drama

329,romance

330,action

330,sci_fi

331,action

331,adventure

331,drama

331,sci_fi

332,comedy

333,horror

333,thriller

334,adventure

334,comedy

334,family

334,fantasy

335,action

335,adventure

335,mystery

335,thriller

336,comedy

336,drama

336,romance

337,comedy

337,drama

337,romance

338,horror

339,comedy

339,drama

339,fantasy

339,romance

340,adventure

340,horror

340,sci_fi

341,comedy

341,horror

342,action

342,mystery

342,sci_fi

342,thriller

343,crime

343,drama

343,thriller

344,comedy

344,musical

344,romance

345,action

345,comedy

345,crime

346,sci_fi

346,thriller

347,drama

348,comedy

348,drama

348,romance

349,drama

350,drama

350,fantasy

350,horror

350,thriller

351,action

351,comedy

351,sci_fi

352,fantasy

352,horror

352,mystery

352,thriller

353,animation

353,comedy

353,family

354,biography

354,drama

355,mystery

355,sci_fi

355,thriller

356,action

356,drama

356,fantasy

356,horror

356,war

357,action

357,adventure

358,adventure

358,comedy

358,sci_fi

359,action

359,comedy

359,fantasy

360,action

360,comedy

360,crime

360,thriller

361,adventure

361,family

361,fantasy

362,action

362,horror

362,sci_fi

362,thriller

363,drama

363,sci_fi

363,thriller

364,crime

364,drama

364,mystery

364,thriller

365,drama

365,sport

366,animation

366,action

366,adventure

366,comedy

366,family

366,fantasy

367,crime

367,drama

367,thriller

368,action

368,adventure

368,fantasy

369,action

369,crime

369,mystery

369,thriller

370,action

370,crime

370,mystery

370,thriller

371,drama

371,mystery

371,thriller

372,action

372,crime

372,thriller

373,animation

373,adventure

373,family

373,fantasy

374,comedy

374,drama

374,romance

375,comedy

375,romance

376,biography

376,drama

376,history

376,war

377,adventure

377,sci_fi

377,thriller

378,action

378,crime

378,drama

378,thriller

379,comedy

379,drama

379,horror

380,drama

380,mystery

380,thriller

381,comedy

381,drama

381,romance

382,drama

382,sci_fi

383,crime

383,drama

383,thriller

384,comedy

384,drama

385,biography

385,drama

386,drama

386,mystery

386,war

387,comedy

387,romance

388,comedy

388,romance

389,comedy

389,crime

390,action

390,drama

390,thriller

391,action

391,adventure

391,drama

392,action

392,adventure

392,drama

392,history

393,comedy

393,crime

393,sport

394,crime

394,horror

395,comedy

395,drama

396,action

396,adventure

396,sci_fi

397,comedy

397,romance

398,drama

398,fantasy

398,romance

399,comedy

400,action

400,drama

400,mystery

400,thriller

401,comedy

402,comedy

402,crime

402,thriller

403,drama

403,horror

404,drama

404,mystery

404,romance

404,sci_fi

404,thriller

405,comedy

405,drama

405,family

405,musical

406,drama

406,romance

407,action

407,adventure

407,fantasy

408,action

408,sci_fi

409,comedy

410,animation

410,comedy

410,family

410,fantasy

411,comedy

411,sci_fi

412,action

412,mystery

412,thriller

413,action

413,adventure

413,drama

413,thriller

414,animation

414,adventure

414,comedy

414,family

414,fantasy

415,horror

415,sci_fi

415,thriller

416,biography

416,drama

416,sport

417,action

417,adventure

417,fantasy

418,action

418,adventure

418,western

419,animation

419,adventure

419,comedy

419,family

419,fantasy

419,romance

420,action

420,drama

420,thriller

421,biography

421,crime

421,drama

422,drama

422,fantasy

422,musical

422,romance

423,crime

423,drama

423,thriller

424,comedy

424,musical

424,romance

425,biography

425,drama

425,thriller

426,action

426,drama

426,war

427,biography

427,drama

427,war

428,drama

428,fantasy

428,mystery

428,romance

429,action

429,adventure

429,sci_fi

429,thriller

430,drama

431,action

431,mystery

431,sci_fi

431,thriller

432,mystery

432,thriller

433,drama

434,action

434,drama

434,fantasy

435,biography

435,crime

435,drama

435,history

436,action

436,adventure

436,crime

436,thriller

437,action

437,fantasy

437,horror

438,drama

438,romance

439,drama

439,sci_fi

439,thriller

440,comedy

440,romance

441,fantasy

441,horror

441,mystery

441,thriller

442,action

442,comedy

442,crime

442,romance

442,thriller

443,drama

444,action

444,adventure

444,thriller

445,action

445,comedy

445,crime

446,comedy

447,comedy

447,romance

448,drama

448,fantasy

448,romance

448,sci_fi

449,comedy

450,comedy

451,biography

451,drama

451,music

452,comedy

452,drama

453,comedy

453,drama

453,fantasy

454,mystery

454,thriller

455,action

455,adventure

455,drama

455,history

455,war

456,comedy

457,comedy

457,romance

458,crime

458,drama

458,fantasy

459,biography

459,drama

460,comedy

460,drama

460,romance

461,comedy

462,comedy

463,drama

463,war

464,action

464,horror

464,thriller

465,action

465,drama

465,family

465,sport

466,drama

466,romance

467,action

467,adventure

467,family

467,fantasy

468,action

468,comedy

468,crime

469,drama

470,adventure

470,drama

470,family

470,mystery

470,war

471,comedy

471,romance

472,action

472,sci_fi

473,comedy

473,drama

474,action

474,thriller

475,biography

475,comedy

475,drama

475,history

475,music

476,drama

477,drama

478,drama

478,fantasy

478,thriller

479,comedy

479,crime

479,drama

480,drama

480,romance

481,comedy

482,comedy

483,drama

483,horror

484,comedy

484,drama

484,romance

485,action

485,biography

485,drama

485,sport

486,animation

486,adventure

486,comedy

486,family

486,fantasy

487,animation

487,adventure

487,family

487,sci_fi

488,horror

488,mystery

488,thriller

489,biography

489,drama

489,history

490,action

490,crime

490,drama

490,thriller

491,action

491,adventure

491,fantasy

491,mystery

491,thriller

492,drama

492,mystery

492,romance

492,thriller

493,biography

493,drama

493,family

494,comedy

494,crime

495,comedy

496,comedy

496,drama

496,romance

497,action

497,comedy

497,sci_fi

498,drama

498,romance

499,drama

499,music

500,biography

500,crime

500,drama

501,crime

501,drama

501,thriller

502,comedy

502,crime

503,drama

504,adventure

504,drama

504,fantasy

505,action

505,sci_fi

505,thriller

506,action

506,horror

506,mystery

506,sci_fi

506,thriller

507,crime

507,drama

507,thriller

508,animation

508,adventure

508,comedy

508,family

508,sci_fi

509,action

509,adventure

509,sci_fi

509,thriller

510,drama

510,mystery

510,thriller

511,mystery

511,thriller

512,sci_fi

512,thriller

513,drama

513,fantasy

514,drama

514,romance

515,comedy

515,fantasy

515,horror

516,drama

516,horror

516,mystery

516,thriller

517,action

517,adventure

517,sci_fi

517,thriller

518,action

518,crime

518,fantasy

518,thriller

519,comedy

519,romance

520,action

520,comedy

520,drama

520,family

520,thriller

521,action

521,drama

521,sport

522,biography

522,drama

522,sport

523,horror

523,mystery

523,thriller

524,drama

524,romance

525,crime

525,drama

525,mystery

525,thriller

526,horror

527,action

527,sci_fi

527,thriller

528,drama

528,war

529,action

529,adventure

529,romance

530,horror

531,action

531,adventure

531,crime

531,mystery

531,thriller

532,drama

532,horror

532,romance

533,action

533,adventure

533,drama

533,history

533,romance

534,drama

534,romance

535,action

535,crime

535,thriller

536,drama

536,thriller

537,action

537,comedy

537,crime

537,drama

538,animation

538,adventure

538,comedy

538,family

538,fantasy

539,biography

539,crime

539,drama

539,mystery

539,thriller

540,action

540,adventure

540,mystery

540,sci_fi

540,thriller

541,drama

541,war

542,drama

543,comedy

543,drama

543,musical

543,romance

544,comedy

544,romance

544,sport

545,drama

545,romance

546,animation

546,comedy

546,family

546,fantasy

546,musical

546,romance

547,comedy

547,romance

548,action

548,crime

548,drama

548,thriller

549,drama

549,music

549,romance

550,action

550,adventure

550,sci_fi

551,action

551,adventure

551,comedy

551,crime

551,thriller

552,comedy

552,drama

552,romance

553,comedy

554,comedy

555,comedy

555,romance

556,comedy

556,romance

557,adventure

557,family

557,fantasy

558,biography

558,drama

558,history

558,romance

559,action

559,fantasy

560,horror

561,action

561,crime

561,thriller

562,comedy

562,drama

563,action

563,drama

563,sci_fi

563,sport

564,action

564,crime

564,drama

564,thriller

565,comedy

565,drama

566,animation

566,adventure

566,family

566,fantasy

567,action

567,adventure

567,thriller

568,crime

568,drama

568,thriller

569,drama

570,action

570,crime

570,drama

570,thriller

571,comedy

571,romance

572,drama

572,romance

573,drama

573,horror

573,mystery

573,thriller

574,action

574,adventure

574,sci_fi

575,biography

575,crime

575,drama

575,romance

576,drama

577,drama

578,crime

578,drama

578,thriller

579,drama

579,horror

579,mystery

579,thriller

580,comedy

581,comedy

581,romance

582,horror

582,mystery

582,thriller

583,action

583,crime

583,drama

583,thriller

584,drama

584,horror

584,mystery

585,crime

585,drama

585,mystery

585,thriller

586,horror

587,crime

587,drama

587,mystery

587,thriller

588,adventure

588,comedy

588,sci_fi

588,thriller

589,action

589,adventure

589,comedy

589,romance

589,thriller

590,action

590,adventure

590,sci_fi

590,thriller

591,drama

591,romance

592,crime

592,drama

592,thriller

593,action

593,drama

593,fantasy

593,thriller

593,western

594,comedy

594,romance

595,drama

595,sci_fi

595,thriller

596,action

596,romance

596,thriller

597,action

597,sci_fi

597,thriller

598,comedy

598,family

599,adventure

599,comedy

599,drama

600,drama

600,sci_fi

601,drama

601,mystery

601,romance

601,thriller

602,action

602,fantasy

602,horror

602,sci_fi

603,action

603,adventure

603,fantasy

603,romance

604,comedy

604,drama

604,musical

604,romance

605,comedy

606,comedy

606,crime

607,crime

607,drama

607,mystery

607,romance

608,adventure

608,comedy

609,biography

609,crime

609,drama

609,history

609,western

610,comedy

611,action

611,fantasy

611,thriller

612,comedy

612,romance

613,action

613,adventure

613,comedy

613,family

613,fantasy

614,horror

614,thriller

615,horror

616,drama

616,sci_fi

617,biography

617,drama

617,music

617,romance

618,fantasy

618,horror

619,action

619,comedy

619,crime

619,drama

619,thriller

620,action

620,adventure

620,thriller

621,drama

621,romance

621,sci_fi

622,romance

622,sci_fi

623,action

623,crime

623,thriller

624,drama

625,drama

625,romance

626,action

626,crime

626,drama

626,horror

626,thriller

627,animation

627,adventure

627,comedy

627,family

627,fantasy

628,animation

628,adventure

628,comedy

628,family

629,drama

629,thriller

630,biography

630,comedy

630,crime

630,drama

630,romance

631,comedy

632,action

632,thriller

633,comedy

633,drama

633,romance

634,biography

634,drama

634,sport

635,drama

635,family

636,crime

636,drama

636,sport

637,horror

637,thriller

638,drama

638,sci_fi

638,thriller

639,comedy

639,drama

639,music

640,comedy

640,romance

641,action

641,drama

641,sport

642,drama

642,romance

643,action

643,adventure

643,fantasy

644,action

644,crime

644,horror

644,thriller

645,comedy

645,romance

646,action

646,sci_fi

646,thriller

647,drama

647,music

647,romance

648,crime

648,drama

648,mystery

648,thriller

649,comedy

649,drama

649,family

650,drama

650,fantasy

650,horror

650,mystery

651,biography

651,crime

651,drama

652,comedy

652,fantasy

652,romance

653,drama

653,thriller

654,drama

655,animation

655,action

655,adventure

655,fantasy

656,action

656,fantasy

656,horror

656,thriller

657,adventure

657,drama

658,action

658,adventure

658,drama

658,thriller

659,drama

659,sport

660,biography

660,drama

660,romance

661,drama

662,drama

662,mystery

662,thriller

663,drama

663,horror

663,thriller

664,comedy

664,romance

665,crime

665,drama

665,thriller

666,comedy

666,drama

666,fantasy

666,romance

667,animation

667,adventure

667,comedy

667,family

668,crime

668,drama

668,thriller

669,biography

669,drama

669,history

669,thriller

670,drama

670,thriller

671,animation

671,action

671,comedy

671,family

671,sci_fi

672,adventure

672,drama

672,family

672,fantasy

673,adventure

673,comedy

673,drama

674,adventure

674,drama

674,fantasy

674,romance

675,comedy

675,fantasy

676,drama

676,romance

677,action

677,mystery

677,thriller

678,comedy

678,drama

679,drama

679,romance

680,comedy

680,drama

680,romance

681,horror

681,thriller

682,drama

682,western

683,action

683,drama

683,sci_fi

683,thriller

684,action

684,crime

684,drama

684,thriller

685,comedy

685,drama

685,fantasy

685,romance

686,comedy

686,drama

687,comedy

687,drama

687,romance

688,horror

688,sci_fi

689,action

689,drama

689,thriller

689,war

690,horror

691,drama

691,fantasy

692,fantasy

692,horror

692,mystery

692,thriller

693,drama

693,romance

694,action

694,comedy

694,crime

695,biography

695,crime

695,drama

696,drama

697,sci_fi

697,thriller

698,comedy

698,drama

699,horror

700,biography

700,drama

700,history

700,romance

701,horror

701,mystery

702,comedy

702,drama

702,family

703,action

703,thriller

703,war

704,adventure

704,comedy

704,romance

705,drama

705,romance

706,animation

706,adventure

706,comedy

706,crime

706,family

707,comedy

707,romance

708,comedy

708,sport

709,horror

709,thriller

710,action

710,adventure

710,drama

710,fantasy

711,drama

711,fantasy

711,sci_fi

712,action

712,adventure

712,sci_fi

713,comedy

714,adventure

714,drama

714,fantasy

714,romance

715,crime

715,drama

715,thriller

716,adventure

716,comedy

716,drama

716,romance

716,sci_fi

717,action

717,adventure

717,thriller

718,action

718,thriller

719,action

719,adventure

719,drama

719,thriller

720,drama

720,sport

721,action

721,adventure

722,comedy

722,horror

722,sci_fi

723,action

723,horror

723,sci_fi

723,thriller

724,comedy

724,drama

724,romance

725,drama

725,sci_fi

726,action

726,adventure

726,romance

726,sci_fi

726,thriller

727,crime

727,thriller

728,comedy

728,romance

729,biography

729,drama

729,history

729,romance

730,crime

730,drama

730,romance

730,thriller

731,adventure

731,drama

731,romance

731,war

732,action

732,crime

732,thriller

733,drama

733,romance

734,comedy

734,drama

734,romance

735,action

735,sci_fi

735,thriller

736,action

736,sci_fi

737,crime

737,thriller

738,comedy

738,crime

738,thriller

739,adventure

739,drama

739,fantasy

739,romance

740,adventure

740,family

740,fantasy

741,comedy

741,romance

742,crime

742,drama

742,mystery

742,thriller

743,drama

743,history

743,thriller

744,comedy

744,fantasy

744,romance

745,drama

745,romance

745,war

746,adventure

746,comedy

747,action

747,adventure

747,drama

747,fantasy

747,history

748,drama

748,history

748,thriller

749,animation

749,adventure

749,comedy

749,family

749,sport

750,biography

750,drama

750,history

751,adventure

751,fantasy

751,mystery

752,action

752,adventure

752,fantasy

753,comedy

753,crime

753,drama

754,adventure

754,drama

754,thriller

755,action

755,mystery

755,thriller

756,comedy

756,romance

757,adventure

757,comedy

757,fantasy

758,drama

758,horror

759,action

759,adventure

759,sci_fi

760,action

760,adventure

760,family

761,crime

761,drama

761,mystery

761,romance

761,thriller

762,drama

763,action

763,adventure

763,mystery

763,thriller

764,horror

764,thriller

765,action

765,adventure

765,thriller

766,drama

766,music

766,romance

767,horror

767,mystery

767,thriller

768,comedy

768,horror

769,action

769,adventure

769,biography

769,drama

769,history

769,romance

769,war

770,comedy

770,drama

770,romance

771,action

771,adventure

772,action

772,fantasy

772,horror

773,action

773,drama

773,history

773,thriller

773,war

774,action

774,fantasy

774,thriller

775,action

775,adventure

775,fantasy

775,sci_fi

775,thriller

776,horror

776,thriller

777,action

777,adventure

777,thriller

778,crime

778,drama

778,thriller

779,comedy

779,family

779,romance

780,comedy

780,romance

781,fantasy

781,mystery

781,thriller

782,action

782,comedy

783,drama

784,sci_fi

784,thriller

785,romance

785,sci_fi

785,thriller

786,action

786,adventure

786,sci_fi

786,thriller

787,comedy

787,romance

788,comedy

788,drama

788,romance

789,adventure

789,crime

789,drama

789,western

790,comedy

790,drama

791,drama

791,romance

791,thriller

792,action

792,crime

793,comedy

793,family

793,fantasy

794,drama

794,fantasy

794,romance

795,horror

795,thriller

796,horror

796,mystery

796,sci_fi

796,thriller

797,drama

798,drama

798,romance

799,drama

799,romance

800,drama

800,romance

801,comedy

801,family

801,romance

802,action

802,crime

802,thriller

803,comedy

803,drama

803,romance

804,comedy

804,horror

805,biography

805,drama

805,history

805,sport

806,comedy

806,family

807,drama

807,romance

808,animation

808,comedy

808,family

808,fantasy

808,music

809,drama

809,romance

810,drama

810,sci_fi

811,drama

811,romance

812,action

812,horror

812,sci_fi

812,thriller

813,drama

814,crime

814,drama

814,romance

814,thriller

815,horror

815,mystery

816,crime

816,thriller

817,drama

817,war

818,action

818,adventure

818,family

818,fantasy

819,action

819,adventure

819,crime

819,thriller

820,drama

820,romance

821,action

821,crime

821,thriller

822,comedy

823,action

823,adventure

823,family

823,fantasy

824,comedy

824,family

825,biography

825,comedy

825,drama

825,romance

826,comedy

826,romance

827,biography

827,drama

827,romance

827,war

828,biography

828,drama

828,history

829,drama

829,romance

830,biography

830,crime

830,drama

831,comedy

831,fantasy

831,horror

832,crime

832,drama

832,mystery

832,thriller

833,comedy

834,adventure

834,thriller

835,drama

835,western

836,fantasy

836,horror

837,adventure

837,drama

837,fantasy

838,action

838,sci_fi

838,thriller

839,drama

839,thriller

840,comedy

841,action

841,crime

841,drama

841,thriller

842,adventure

842,comedy

842,sci_fi

843,action

843,crime

843,thriller

844,comedy

844,romance

845,horror

845,mystery

846,action

846,comedy

846,horror

847,comedy

847,drama

847,romance

848,action

848,comedy

848,sci_fi

849,action

849,comedy

849,crime

849,sci_fi

849,thriller

850,action

850,adventure

850,fantasy

851,animation

851,adventure

851,comedy

851,family

851,musical

852,adventure

852,comedy

852,drama

853,adventure

853,family

853,fantasy

854,drama

854,sci_fi

854,thriller

855,comedy

855,romance

856,crime

856,thriller

857,comedy

857,romance

858,comedy

858,drama

858,romance

859,action

859,fantasy

859,horror

860,action

860,crime

860,drama

860,thriller

861,drama

862,action

862,crime

862,thriller

863,drama

863,romance

864,action

864,adventure

864,comedy

864,fantasy

864,thriller

865,drama

865,fantasy

865,mystery

865,thriller

866,comedy

866,crime

867,action

867,thriller

868,drama

869,action

869,drama

869,thriller

870,comedy

870,horror

870,romance

871,action

871,thriller

872,action

872,drama

872,war

873,action

873,adventure

873,comedy

873,family

873,fantasy

873,sci_fi

874,adventure

874,comedy

874,drama

875,comedy

875,drama

875,sport

876,biography

876,drama

876,sport

877,comedy

877,drama

877,fantasy

877,romance

878,adventure

878,drama

879,action

879,adventure

879,comedy

880,drama

881,drama

881,romance

882,comedy

883,drama

883,romance

884,drama

884,horror

884,mystery

884,thriller

885,action

885,sci_fi

885,thriller

886,drama

886,thriller

887,comedy

888,crime

888,drama

888,mystery

888,thriller

889,comedy

889,sport

890,drama

891,drama

891,thriller

892,comedy

892,family

892,fantasy

892,romance

893,horror

893,thriller

894,drama

894,fantasy

894,romance

895,action

895,comedy

895,crime

895,fantasy

896,drama

896,sport

897,comedy

897,romance

898,comedy

898,drama

899,crime

899,drama

900,comedy

900,romance

901,action

901,sci_fi

901,thriller

902,action

902,sci_fi

902,thriller

903,drama

904,comedy

905,biography

905,crime

905,drama

906,drama

906,thriller

906,war

907,drama

907,fantasy

907,horror

907,thriller

908,action

908,adventure

908,horror

908,sci_fi

909,crime

909,drama

909,thriller

910,biography

910,drama

911,animation

911,action

911,adventure

911,family

911,mystery

912,comedy

912,drama

912,romance

913,horror

913,thriller

914,horror

914,thriller

915,comedy

915,drama

916,drama

916,history

916,war

917,comedy

918,animation

918,adventure

918,comedy

918,family

918,fantasy

919,drama

919,mystery

919,sci_fi

919,thriller

920,comedy

920,romance

921,crime

921,drama

921,thriller

922,horror

922,mystery

922,thriller

923,action

923,crime

923,thriller

924,action

924,thriller

925,drama

925,romance

926,crime

926,drama

926,mystery

926,thriller

927,comedy

927,romance

928,drama

928,thriller

929,comedy

929,drama

930,biography

930,drama

930,thriller

931,biography

931,comedy

931,drama

931,history

932,comedy

932,drama

932,romance

933,action

933,horror

933,sci_fi

933,thriller

934,comedy

934,horror

934,thriller

935,adventure

935,comedy

936,action

936,drama

936,sci_fi

936,thriller

937,comedy

938,action

938,adventure

938,comedy

939,biography

939,crime

939,drama

940,drama

940,mystery

940,thriller

941,horror

941,mystery

941,thriller

942,comedy

942,sport

943,adventure

943,drama

943,family

943,fantasy

944,comedy

944,crime

944,mystery

945,crime

945,drama

945,thriller

946,drama

946,music

947,comedy

947,drama

948,thriller

949,animation

949,adventure

949,comedy

949,family

949,sport

950,action

950,adventure

950,fantasy

950,sci_fi

950,thriller

951,drama

951,sport

952,animation

952,adventure

952,comedy

952,family

953,drama

953,musical

953,romance

954,drama

954,horror

954,romance

955,comedy

955,drama

955,romance

956,action

956,adventure

956,comedy

956,family

956,fantasy

956,sci_fi

957,horror

957,mystery

957,thriller

958,biography

958,drama

958,romance

958,thriller

959,animation

959,family

959,fantasy

960,drama

960,horror

960,thriller

961,comedy

961,crime

961,drama

962,action

962,adventure

962,sci_fi

962,thriller

963,crime

963,thriller

964,action

964,adventure

965,drama

965,music

965,musical

965,romance

966,action

966,fantasy

966,sci_fi

966,thriller

967,horror

967,thriller

968,action

968,crime

968,fantasy

968,thriller

969,adventure

969,drama

969,history

970,animation

970,adventure

970,family

970,fantasy

971,drama

971,music

971,romance

972,biography

972,drama

972,music

973,adventure

973,family

973,fantasy

973,sci_fi

974,action

974,adventure

974,horror

975,comedy

975,drama

975,romance

976,comedy

976,drama

976,horror

976,romance

977,animation

977,adventure

977,comedy

977,family

977,musical

978,drama

978,horror

978,mystery

978,thriller

979,comedy

979,drama

980,animation

980,drama

981,comedy

981,romance

982,crime

982,thriller

983,drama

983,horror

983,thriller

984,drama

985,comedy

985,horror

985,sci_fi

986,comedy

986,music

986,romance

987,action

987,adventure

988,comedy

988,fantasy

988,mystery

988,romance

988,thriller

989,animation

989,drama

989,family

989,mystery

990,adventure

990,drama

990,history

991,comedy

992,adventure

992,comedy

992,drama

993,drama

993,fantasy

993,horror

993,thriller

994,action

994,crime

994,thriller

995,comedy

995,drama

995,romance

996,biography

996,drama

996,music

996,musical

997,biography

997,drama

997,sport

998,biography

998,drama

998,sport

999,action

999,crime

999,thriller
